{
  "pixel_classifier_type": "OpenCVPixelClassifier",
  "metadata": {
    "inputPadding": 0,
    "inputResolution": {
      "pixelWidth": {
        "value": 0.72,
        "unit": "µm"
      },
      "pixelHeight": {
        "value": 0.72,
        "unit": "µm"
      },
      "zSpacing": {
        "value": 1.0,
        "unit": "z-slice"
      },
      "timeUnit": "SECONDS",
      "timepoints": []
    },
    "inputWidth": 512,
    "inputHeight": 512,
    "inputNumChannels": 3,
    "outputType": "CLASSIFICATION",
    "outputChannels": [],
    "classificationLabels": {
      "0": {
        "name": "Ignore*",
        "colorRGB": -4934476
      },
      "1": {
        "name": "Cartilage",
        "colorRGB": -8546961
      }
    }
  },
  "op": {
    "type": "data.op.channels",
    "colorTransforms": [
      {
        "stains": {
          "name": "Toluidine Blue-mean",
          "stain1": {
            "r": 0.48051972982785784,
            "g": 0.8362095298413239,
            "b": 0.26429985139745027,
            "name": "Cartilage",
            "isResidual": false
          },
          "stain2": {
            "r": 0.8678447290289898,
            "g": 0.46844255262069046,
            "b": 0.16555090211415613,
            "name": "Bone",
            "isResidual": false
          },
          "stain3": {
            "r": 0.02797899939254931,
            "g": 0.28660267138545414,
            "b": -0.9576408952982913,
            "name": "Residual",
            "isResidual": true
          },
          "maxRed": 233.0,
          "maxGreen": 233.0,
          "maxBlue": 233.0
        },
        "stainNumber": 1
      }
    ],
    "op": {
      "type": "op.core.sequential",
      "ops": [
        {
          "type": "op.filters.gaussian",
          "sigmaX": 0.1,
          "sigmaY": 0.1
        },
        {
          "type": "op.threshold.constant",
          "thresholds": [
            0.18
          ]
        }
      ]
    }
  }
}