{
  "pathClasses": [
    {
      "name": "Unclassified"
    },
    {
      "name": "Region*",
      "color": -16777036
    },
    {
      "name": "Ignore*",
      "color": -4934476
    },
    {
      "name": "Cartilage",
      "color": -65281
    },
    {
      "name": "Plate",
      "color": -65536
    },
    {
      "name": "Condyle",
      "color": -16777216
    },
    {
      "name": "AreaGrowthPlate",
      "color": -1263567
    },
    {
      "name": "CartilageArea",
      "color": -13428096
    },
    {
      "name": "PlateArea",
      "color": -3340736
    },
    {
      "name": "UncalcifiedArea",
      "color": -1613971
    },
    {
      "name": "GrowthPlateArea",
      "color": -2942071
    },
    {
      "name": "CalcifiedArea",
      "color": -15879401
    }
  ]
}